<window type="dialog">
    <defaultcontrol>2</defaultcontrol>
    <coordinates>
        <left>0</left>
        <top>0</top>
    </coordinates>
    <controls>
        <!-- Background Texture -->
        <control type="image">
            <texture background="true">white.png</texture>
            <colordiffuse>FF000000</colordiffuse>
        </control>
        <!-- Background -->
        <control type="image">
            <top>0</top>
            <left>0</left>
            <width>1920</width>
            <height>1080</height>
            <texture background="true">$INFO[Window().Property(item.art.fanart)]</texture>
        </control>

        <!-- MultiFanart -->
            <control type="group">
                <visible>Skin.HasSetting(SkinHelper.EnableExtraFanart) + System.HasAddon(script.artwork.helper)</visible>

                <control type="fadelabel" id="1010">
                    <info>Window().Property(item.art.fanart)</info>
                    <info>Window().Property(item.art.fanart1)</info>
                    <info>Window().Property(item.art.fanart2)</info>
                    <info>Window().Property(item.art.fanart3)</info>
                    <info>Window().Property(item.art.fanart4)</info>
                    <info>Window().Property(item.art.fanart5)</info>
                    <info>Window().Property(item.art.fanart6)</info>
                    <info>Window().Property(item.art.fanart7)</info>
                    <info>Window().Property(item.art.fanart8)</info>
                    <info>Window().Property(item.art.fanart9)</info>
                    <info>Window().Property(item.art.fanart10)</info>
                    <info>Window().Property(item.art.fanart11)</info>
                    <info>Window().Property(item.art.fanart12)</info>
                    <info>Window().Property(item.art.fanart13)</info>
                    <info>Window().Property(item.art.fanart14)</info>
                    <info>Window().Property(item.art.fanart15)</info>
                    <info>Window().Property(item.art.fanart16)</info>
                    <info>Window().Property(item.art.fanart17)</info>
                    <info>Window().Property(item.art.fanart18)</info>
                    <info>Window().Property(item.art.fanart19)</info>
                    <info>Window().Property(item.art.fanart20)</info>
                    <randomize>true</randomize>
                    <pauseatend>8000</pauseatend>
                    <scroll>false</scroll>
                    <scrollout>false</scrollout>
                    <resetonlabelchange>true</resetonlabelchange>
                    <textcolor>0x00000000</textcolor>
                </control>

                <!-- Background -->
                <control type="multiimage">
                    <imagepath background="true">$INFO[Control.GetLabel(1010)]</imagepath>
                    <timeperimage>4000</timeperimage>
                    <fadetime>1000</fadetime>
                    <pauseatend>12000</pauseatend>
                    <randomize>true</randomize>
                    <loop>no</loop>
                </control>
            </control>

        <control type="image">
            <top>0</top>
            <left>0</left>
            <width>1920</width>
            <height>1080</height>
            <texture background="true">white.png</texture>
            <colordiffuse>CC000000</colordiffuse>
        </control>

        <!-- Side Info -->
        <control type="group">
            <top>100</top>
            <left>1400</left>
            <control type="label">
                <top>-920</top>
                <width>400</width>
                <font>font12</font>
                <textcolor>AAFFFFFF</textcolor>
                <align>center</align>
                <aligny>center</aligny>
                <visible>!String.IsEmpty(Window().Property(item.info.season))</visible>
                <label>Season: [COLOR $INFO[Window().Property(settings.color)]]$INFO[Window().Property(item.info.season)] [/COLOR] | Episode: [COLOR $INFO[Window().Property(settings.color)]]$INFO[Window().Property(item.info.episode)][/COLOR]</label>
            </control>
            <control type="image">
                <width>500</width>
                <height>500</height>
                <top>50</top>
                <left>-50</left>
                <texture background="true">$INFO[Window().Property(item.art.thumb)]</texture>
            </control>

            <control type="group">
                <top>320</top>
                <control type="label">
                    <top>-100</top>
                    <left>-50</left>
                    <width>500</width>
                    <font>font14</font>
                    <textcolor>AAFFFFFF</textcolor>
                    <align>center</align>
                    <aligny>center</aligny>
                    <scroll>true</scroll>
                    <scrollspeed>80</scrollspeed>
                    <label>[COLOR $INFO[Window().Property(settings.color)]]$INFO[Window().Property(item.info.title)] [/COLOR]</label>
                </control>
                <control type="label">
                    <top>30</top>
                    <width>400</width>
                    <font>font12</font>
                    <textcolor>AAFFFFFF</textcolor>
                    <align>center</align>
                    <aligny>center</aligny>
                    <visible>String.IsEmpty(Window().Property(item.info.season))</visible>
                    <label>Year: [COLOR $INFO[Window().Property(settings.color)]]$INFO[Window().Property(item.info.year)] [/COLOR] | Rating: [COLOR $INFO[Window().Property(settings.color)]]$INFO[Window().Property(item.info.rating)][/COLOR]</label>
                </control>
                <control type="label">
                    <top>0</top>
                    <width>400</width>
                    <font>font12</font>
                    <textcolor>AAFFFFFF</textcolor>
                    <align>center</align>
                    <aligny>center</aligny>
                    <visible>!String.IsEmpty(Window().Property(item.info.season))</visible>
                    <label>Aired: [COLOR $INFO[Window().Property(settings.color)]]$INFO[Window().Property(item.info.aired)] [/COLOR]</label>
                </control>

                <control type="textbox">
                    <wrapmultiline>true</wrapmultiline>
                    <top>365</top>
                    <left>-70</left>
                    <height min="20" max="275">auto</height>
                    <width>550</width>
                    <font>font12</font>
                    <textcolor>AAFFFFFF</textcolor>
                    <align>center</align>
                    <autoscroll>true</autoscroll>
                    <label>$INFO[Window().Property(item.info.plot)]</label>
                </control>
            </control>

        </control>

        <!-- Top Logo/picture  -->
        <control type="image" id="1001">
            <top>-935</top>
            <left>500</left>
            <width>300</width>
            <aspectratio>keep</aspectratio>
            <texture background="true">$INFO[Window().Property(item.art.clearlogo)]</texture>
        </control>

        <!-- Scrollbar  -->
        <control type="scrollbar" id="17">
      	    <left>1250</left>
      	    <top>150</top>
      	    <width>20</width>
      	    <height>838</height>
      	    <visible>true</visible>
      	    <pulseonselect>no</pulseonselect>
      	    <orientation>vertical</orientation>
      	    <showonepage>false</showonepage>
            <onleft>1000</onleft>
        </control>

        <!-- Sources List -->
        <control type="list" id="1000">
            <viewtype label="Sources">list</viewtype>
            <left>80</left>
            <top>150</top>
            <width>1170</width>
            <height>920</height>
            <orientation>vertical</orientation>
            <focusposition>1</focusposition>
	        <pagecontrol>17</pagecontrol>
	        <onright>17</onright>

            <itemlayout height="120">
                <control type="image">
                    <visible>true</visible>
                    <texture background="true">white.png</texture>
                    <colordiffuse>AA2e2d32</colordiffuse>
                </control>
                    <control type="label">
                        <top>15</top>
                        <left>10</left>
                        <width>1160</width>
                        <height>5</height>
                        <font>font12</font>
                        <textcolor>66FFFFFF</textcolor>
                        <shadowcolor>dimgrey</shadowcolor>
                        <align>left</align>
                        <aligny>center</aligny>
                        <label>[B]$INFO[ListItem.Label][/B]</label>
                    </control>
                    <control type="label">
                        <top>60</top>
                        <left>400</left>
                        <width>450</width>
                        <height>0</height>
                        <font>font10</font>
                        <textcolor>FFFFFFFF</textcolor>
                        <align>left</align>
                        <aligny>center</aligny>
                        <label>Debrid: [UPPERCASE][COLOR $INFO[Window().Property(settings.color)]]$INFO[ListItem.Property(debrid_provider)][/COLOR][/UPPERCASE]</label>
                    </control>
                    <control type="label">
                        <top>90</top>
                        <left>400</left>
                        <width>450</width>
                        <height>0</height>
                        <aligny>center</aligny>
                        <textcolor>FFFFFFFF</textcolor>
                        <font>font10</font>
                        <label>Provider: [UPPERCASE][COLOR $INFO[Window().Property(settings.color)]]$INFO[ListItem.Property(provider)][/COLOR][/UPPERCASE]</label>
                    </control>
                    <control type="label">
                        <top>60</top>
                        <left>10</left>
                        <width>350</width>
                        <height>0</height>
                        <aligny>center</aligny>
                        <textcolor>FFFFFFFF</textcolor>
                        <shadowcolor>dimgrey</shadowcolor>
                        <font>font10</font>
                        <label>Type: [UPPERCASE][COLOR $INFO[Window().Property(settings.color)]]$INFO[ListItem.Property(type)][/COLOR][/UPPERCASE]</label>
                    </control>
                    <control type="label">
                        <top>90</top>
                        <left>10</left>
                        <width>350</width>
                        <height>0</height>
                        <aligny>center</aligny>
                        <textcolor>FFFFFFFF</textcolor>
                        <shadowcolor>dimgrey</shadowcolor>
                        <font>font10</font>
                        <label>Info: [UPPERCASE][COLOR $INFO[Window().Property(settings.color)]]$INFO[ListItem.Property(info)][/COLOR][/UPPERCASE]</label>
                    </control>
                    <control type="label">
                        <top>60</top>
                        <left>750</left>
                        <width>350</width>
                        <height>0</height>
                        <font>font10</font>
                        <textcolor>66FFFFFF</textcolor>
                        <align>left</align>
                        <aligny>center</aligny>
                        <label>Seeders: [UPPERCASE][COLOR $INFO[Window().Property(settings.color)]]$INFO[ListItem.Property(seeders)][/COLOR][/UPPERCASE]</label>
                    </control>
                    <control type="label">
                        <left>750</left>
                        <top>90</top>
                        <width>350</width>
                        <height>0</height>
                        <font>font10</font>
                        <textcolor>66FFFFFF</textcolor>
                        <align>left</align>
                        <aligny>center</aligny>
                        <label>Size: [UPPERCASE][COLOR $INFO[Window().Property(settings.color)]]$INFO[ListItem.Property(size)][/COLOR][/UPPERCASE]</label>
                    </control>
                  <control type="image">
                        <centertop>50%</centertop>
                        <left>1010</left>
                        <width>128.8</width>
                        <height>87.2</height>
                        <texture background="true" colordiffuse="yellow">quality/qualitysd480.png</texture>
                        <visible>String.Contains(ListItem.Property(quality),480P)</visible>
                    </control>
                    <control type="image">
                        <centertop>50%</centertop>
                        <left>1010</left>
                        <width>128.8</width>
                        <height>87.2</height>
                        <texture background="true" colordiffuse="red">quality/qualityhd720.png</texture>
                        <visible>String.Contains(ListItem.Property(quality),720P)</visible>
                    </control>
                    <control type="image">
                        <centertop>50%</centertop>
                        <left>1010</left>
                        <width>128.8</width>
                        <height>87.2</height>
                        <texture background="true" colordiffuse="green">quality/qualityhd1080.png</texture>
                        <visible>String.Contains(ListItem.Property(quality),1080P)</visible>
                    </control>
                    <control type="image">
                        <centertop>50%</centertop>
                        <left>1010</left>
                        <width>128.8</width>
                        <height>87.2</height>
                        <texture background="true">quality/qualityhd4k.png</texture>
                        <visible>String.Contains(ListItem.Property(quality),4k)</visible>
                    </control>
                    <control type="image">
                        <centertop>50%</centertop>
                        <left>1010</left>
                        <width>128.8</width>
                        <height>87.2</height>
                        <texture background="true">quality/qualityeq.png</texture>
                        <visible>String.Contains(ListItem.Property(quality),EQ)</visible>
                    </control>
                    <control type="image">
                        <width>100%</width>
                        <height>3</height>
                        <bottom>-1</bottom>
                        <texture colordiffuse="9f000000">white.png</texture>
                     </control>
                </itemlayout>

            <focusedlayout height="120">
                <control type="image">
                    <width>100%</width>
                    <height>97%</height>
                    <texture background="true">white.png</texture>
                    <colordiffuse>77d3d3d3</colordiffuse>
                </control>
                <control type="label">
                    <top>15</top>
                    <left>10</left>
                    <width>1160</width>
                    <height>5</height>
                    <font>font12</font>
                    <textcolor>FFFFFFFF</textcolor>
		            <shadowcolor>dimgrey</shadowcolor>
                    <align>left</align>
                    <aligny>center</aligny>
                    <label>[B]$INFO[ListItem.Label][/B]</label>
                    <scroll>true</scroll>
                </control>
                <control type="label">
                    <top>60</top>
                    <left>400</left>
                    <width>450</width>
                    <height>0</height>
                    <font>font10</font>
                    <textcolor>FFFFFFFF</textcolor>
                    <align>left</align>
                    <aligny>center</aligny>
                    <label>Debrid: [UPPERCASE][COLOR $INFO[Window().Property(settings.color)]]$INFO[ListItem.Property(debrid_provider)][/COLOR][/UPPERCASE]</label>
                </control>
                <control type="label">
                    <top>90</top>
                    <left>400</left>
                    <width>450</width>
                    <height>0</height>
                    <aligny>center</aligny>
                    <textcolor>FFFFFFFF</textcolor>
                    <font>font10</font>
                    <label>Provider: [UPPERCASE][COLOR $INFO[Window().Property(settings.color)]]$INFO[ListItem.Property(provider)][/COLOR][/UPPERCASE]</label>
                </control>
                <control type="label">
                    <top>60</top>
                    <left>10</left>
                    <width>350</width>
                    <height>0</height>
                    <aligny>center</aligny>
                    <textcolor>FFFFFFFF</textcolor>
		            <shadowcolor>dimgrey</shadowcolor>
                    <font>font10</font>
                    <label>Type: [UPPERCASE][COLOR $INFO[Window().Property(settings.color)]]$INFO[ListItem.Property(type)][/COLOR][/UPPERCASE]</label>
                </control>
                <control type="label">
                    <top>90</top>
                    <left>10</left>
                    <width>350</width>
                    <height>0</height>
                    <aligny>center</aligny>
                    <textcolor>FFFFFFFF</textcolor>
		            <shadowcolor>dimgrey</shadowcolor>
                    <font>font10</font>
                    <label>Info: [UPPERCASE][COLOR $INFO[Window().Property(settings.color)]]$INFO[ListItem.Property(info)][/COLOR][/UPPERCASE]</label>
                </control>
                <control type="label">
                    <top>60</top>
                    <left>750</left>
                    <width>350</width>
                    <height>0</height>
                    <font>font10</font>
                    <textcolor>66FFFFFF</textcolor>
                    <align>left</align>
                    <aligny>center</aligny>
                    <label>Seeders: [UPPERCASE][COLOR $INFO[Window().Property(settings.color)]]$INFO[ListItem.Property(seeders)][/COLOR][/UPPERCASE]</label>
                </control>
                <control type="label">
                    <left>750</left>
                    <top>90</top>
                    <width>350</width>
                    <height>0</height>
                    <font>font10</font>
                    <textcolor>66FFFFFF</textcolor>
                    <align>left</align>
                    <aligny>center</aligny>
                    <label>Size: [UPPERCASE][COLOR $INFO[Window().Property(settings.color)]]$INFO[ListItem.Property(size)][/COLOR][/UPPERCASE]</label>
                </control>
                <control type="image">
                    <centertop>50%</centertop>
                    <left>1010</left>
                    <width>128.8</width>
                    <height>87.2</height>
                    <texture background="true" colordiffuse="yellow">quality/qualitysd480.png</texture>
                    <visible>String.Contains(ListItem.Property(quality),480P)</visible>
                </control>
                <control type="image">
                    <centertop>50%</centertop>
                    <left>1010</left>
                    <width>128.8</width>
                    <height>87.2</height>
                    <texture background="true" colordiffuse="red">quality/qualityhd720.png</texture>
                    <visible>String.Contains(ListItem.Property(quality),720P)</visible>
                </control>
                <control type="image">
                    <centertop>50%</centertop>
                    <left>1010</left>
                    <width>128.8</width>
                    <height>87.2</height>
                    <texture background="true" colordiffuse="green">quality/qualityhd1080.png</texture>
                    <visible>String.Contains(ListItem.Property(quality),1080P)</visible>
                </control>
                <control type="image">
                    <centertop>50%</centertop>
                    <left>1010</left>
                    <width>128.8</width>
                    <height>87.2</height>
                    <texture background="true">quality/qualityhd4k.png</texture>
                    <visible>String.Contains(ListItem.Property(quality),4k)</visible>
                </control>
                <control type="image">
                    <centertop>50%</centertop>
                    <left>1010</left>
                    <width>128.8</width>
                    <height>87.2</height>
                    <texture background="true">quality/qualityeq.png</texture>
                    <visible>String.Contains(ListItem.Property(quality),EQ)</visible>
                </control>
            </focusedlayout>
        </control>
    </controls>
</window>
