<?xml version="1.0" encoding="UTF-8"?>
<window>
	<coordinates>
		<left>0</left>
		<top>0</top>
		<width>1920</width>
		<height>1080</height>
	</coordinates>
	<defaultcontrol always="true">6001</defaultcontrol>
	<controls>

		<!-- Background -->
		<control type="group">
			<top>0</top>
			<left>0</left>
			<width>1920</width>
			<height>1080</height>

			<!-- Fallback -->
			<control type="image">
				<texture>white.png</texture>
				<colordiffuse>FF000000</colordiffuse>
			</control>

			<!-- Fanart -->
			<control type="image">
				<texture background="true">fanart.png</texture>
				<colordiffuse>66FFFFFF</colordiffuse>
			</control>

			<!-- Overlay -->
			<control type="image">
				<texture background="true">white.png</texture>
				<colordiffuse>CC000000</colordiffuse>
			</control>
		</control>

		<!--Title-->
		<control type="label">
			<top>25</top>
			<left>40</left>
			<width>100%</width>
			<height>50</height>
			<label>Otaku - Sorting Configuration</label>
			<font>font37</font>
			<textcolor>white</textcolor>
		</control>

		<!-- Sort Level 1 -->
		<control type="group">
			<width>1360</width>
			<left>20</left>
			<height>100</height>
			<top>110</top>

			<!-- Card -->
			<control type="image">
				<left>92</left>
				<width>1268</width>
				<texture>white.png</texture>
				<colordiffuse>99362e33</colordiffuse>
			</control>

			<control type="image">
				<top>4</top>
				<left>20</left>
				<width>72</width>
				<height>72</height>
				<colordiffuse>FFFFFFFF</colordiffuse>
				<texture border="32,48,36,24">sort/sort_arrow.png</texture>
			</control>

			<control type="togglebutton" id="1111">
				<top>32</top>
				<right>20</right>
				<width>36</width>
				<height>36</height>
				<onleft>1000</onleft>
				<onright>9000</onright>
				<ondown>2222</ondown>
				<texturenofocus colordiffuse="FFFFFFFF">sort/sort_descending.png</texturenofocus>
				<texturefocus colordiffuse="deepskyblue">sort/sort_descending.png</texturefocus>
				<alttexturenofocus colordiffuse="FFFFFFFF">sort/sort_ascending.png</alttexturenofocus>
				<alttexturefocus colordiffuse="deepskyblue">sort/sort_ascending.png</alttexturefocus>
				<usealttexture>String.IsEqual(Window().Property(sortmethod.1.reverse),True)</usealttexture>
			</control>

			<control type="grouplist" id="1000">
				<viewtype label="Sort Level 1">list</viewtype>
				<top>10</top>
				<left>112</left>
				<width>1172</width>
				<height>80</height>
				<ondown>2000</ondown>
				<onright>1111</onright>
				<orientation>horizontal</orientation>
				<focusposition>1</focusposition>
				<itemgap>10</itemgap>

				<control type="button" id="1001">
					<width min="60" max="280">auto</width>
					<font>font12</font>
					<textcolor>66FFFFFF</textcolor>
					<focusedcolor>deepskyblue</focusedcolor>
					<align>left</align>
					<aligny>center</aligny>
					<onright>1002</onright>
					<texturefocus></texturefocus>
					<texturenofocus></texturenofocus>
					<label>[B][UPPERCASE]$INFO[Window().Property(sortmethod.1.label.0)][/UPPERCASE][/B]</label>
				</control>

				<control type="label" id="1101">
					<width min="40" max="280">auto</width>
					<font>font12</font>
					<textcolor>66FFFFFF</textcolor>
					<align>left</align>
					<aligny>center</aligny>
					<label>[B][UPPERCASE]:[/UPPERCASE][/B]</label>
				</control>

				<control type="button" id="1002">
					<width min="60" max="280">auto</width>
					<font>font12</font>
					<textcolor>66FFFFFF</textcolor>
					<focusedcolor>deepskyblue</focusedcolor>
					<align>left</align>
					<aligny>center</aligny>
					<onleft>1001</onleft>
					<onright>1003</onright>
					<texturefocus></texturefocus>
					<texturenofocus></texturenofocus>
					<label>[B][UPPERCASE]$INFO[Window().Property(sortmethod.1.label.1)][/UPPERCASE][/B]</label>
					<visible>!String.IsEmpty(Window().Property(sortmethod.1.label.1))</visible>
				</control>

				<control type="label" id="1102">
					<width min="40" max="280">auto</width>
					<font>font12</font>
					<textcolor>66FFFFFF</textcolor>
					<align>left</align>
					<aligny>center</aligny>
					<label>[B][UPPERCASE]->[/UPPERCASE][/B]</label>
					<visible>!String.IsEmpty(Window().Property(sortmethod.1.label.2))</visible>
				</control>

				<control type="button" id="1003">
					<width min="60" max="280">auto</width>
					<font>font12</font>
					<textcolor>66FFFFFF</textcolor>
					<focusedcolor>deepskyblue</focusedcolor>
					<align>left</align>
					<aligny>center</aligny>
					<onleft>1002</onleft>
					<onright>1004</onright>
					<texturefocus></texturefocus>
					<texturenofocus></texturenofocus>
					<label>[B][UPPERCASE]$INFO[Window().Property(sortmethod.1.label.2)][/UPPERCASE][/B]</label>
				</control>

				<control type="label" id="1103">
					<width min="40" max="280">auto</width>
					<font>font12</font>
					<textcolor>66FFFFFF</textcolor>
					<align>left</align>
					<aligny>center</aligny>
					<label>[B][UPPERCASE]->[/UPPERCASE][/B]</label>
					<visible>!String.IsEmpty(Window().Property(sortmethod.1.label.3))</visible>
				</control>

				<control type="button" id="1004">
					<width min="60" max="280">auto</width>
					<font>font12</font>
					<textcolor>66FFFFFF</textcolor>
					<focusedcolor>deepskyblue</focusedcolor>
					<align>left</align>
					<aligny>center</aligny>
					<onleft>1002</onleft>
					<onright>1004</onright>
					<texturefocus></texturefocus>
					<texturenofocus></texturenofocus>
					<label>[B][UPPERCASE]$INFO[Window().Property(sortmethod.1.label.3)][/UPPERCASE][/B]</label>
					<visible>!String.IsEmpty(Window().Property(sortmethod.1.label.3))</visible>
				</control>

				<control type="label" id="1104">
					<width min="40" max="280">auto</width>
					<font>font12</font>
					<textcolor>66FFFFFF</textcolor>
					<align>left</align>
					<aligny>center</aligny>
					<label>[B][UPPERCASE]->[/UPPERCASE][/B]</label>
					<visible>!String.IsEmpty(Window().Property(sortmethod.1.label.4))</visible>
				</control>

				<control type="button" id="1005">
					<width min="60" max="280">auto</width>
					<font>font12</font>
					<textcolor>66FFFFFF</textcolor>
					<focusedcolor>deepskyblue</focusedcolor>
					<align>left</align>
					<aligny>center</aligny>
					<onleft>1002</onleft>
					<onright>1004</onright>
					<texturefocus></texturefocus>
					<texturenofocus></texturenofocus>
					<label>[B][UPPERCASE]$INFO[Window().Property(sortmethod.1.label.4)][/UPPERCASE][/B]</label>
					<visible>!String.IsEmpty(Window().Property(sortmethod.1.label.4))</visible>
				</control>
				<control type="label" id="1105">
					<width min="40" max="280">auto</width>
					<font>font12</font>
					<textcolor>66FFFFFF</textcolor>
					<align>left</align>
					<aligny>center</aligny>
					<label>[B][UPPERCASE]->[/UPPERCASE][/B]</label>
					<visible>!String.IsEmpty(Window().Property(sortmethod.1.label.5))</visible>
				</control>

				<control type="button" id="1006">
					<width min="60" max="280">auto</width>
					<font>font12</font>
					<textcolor>66FFFFFF</textcolor>
					<focusedcolor>deepskyblue</focusedcolor>
					<align>left</align>
					<aligny>center</aligny>
					<onleft>1005</onleft>
					<onright>1111</onright>
					<texturefocus></texturefocus>
					<texturenofocus></texturenofocus>
					<label>[B][UPPERCASE]$INFO[Window().Property(sortmethod.1.label.5)][/UPPERCASE][/B]</label>
					<visible>!String.IsEmpty(Window().Property(sortmethod.1.label.5))</visible>
				</control>
			</control>
		</control>

		<!-- Sort Level 2 -->
		<control type="group">
			<width>1340</width>
			<left>40</left>
			<height>100</height>
			<top>220</top>

			<!-- Card -->
			<control type="image">
				<left>92</left>
				<width>1248</width>
				<texture>white.png</texture>
				<colordiffuse>99362e33</colordiffuse>
			</control>

			<control type="image">
				<top>4</top>
				<left>20</left>
				<width>72</width>
				<height>72</height>
				<colordiffuse>FFFFFFFF</colordiffuse>
				<texture border="32,48,36,24">sort/sort_arrow.png</texture>
			</control>

			<control type="togglebutton" id="2222">
				<top>32</top>
				<right>20</right>
				<width>36</width>
				<height>36</height>
				<onleft>2000</onleft>
				<onright>9000</onright>
				<onup>1111</onup>
				<ondown>3333</ondown>
				<texturenofocus colordiffuse="FFFFFFFF">sort/sort_descending.png</texturenofocus>
				<texturefocus colordiffuse="deepskyblue">sort/sort_descending.png</texturefocus>
				<alttexturenofocus colordiffuse="FFFFFFFF">sort/sort_ascending.png</alttexturenofocus>
				<alttexturefocus colordiffuse="deepskyblue">sort/sort_ascending.png</alttexturefocus>
				<usealttexture>String.IsEqual(Window().Property(sortmethod.2.reverse),True)</usealttexture>
			</control>

			<control type="grouplist" id="2000">
				<viewtype label="Sort Level 2">list</viewtype>
				<top>10</top>
				<left>112</left>
				<width>1152</width>
				<height>80</height>
				<onup>1000</onup>
				<ondown>3000</ondown>
				<onright>2222</onright>
				<orientation>horizontal</orientation>
				<focusposition>1</focusposition>
				<itemgap>10</itemgap>

				<control type="button" id="2001">
					<width min="60" max="280">auto</width>
					<font>font12</font>
					<textcolor>66FFFFFF</textcolor>
					<focusedcolor>deepskyblue</focusedcolor>
					<align>left</align>
					<aligny>center</aligny>
					<onright>2002</onright>
					<texturefocus></texturefocus>
					<texturenofocus></texturenofocus>
					<label>[B][UPPERCASE]$INFO[Window().Property(sortmethod.2.label.0)][/UPPERCASE][/B]</label>
				</control>

				<control type="label" id="2101">
					<width min="40" max="280">auto</width>
					<font>font12</font>
					<textcolor>66FFFFFF</textcolor>
					<align>left</align>
					<aligny>center</aligny>
					<label>[B][UPPERCASE]:[/UPPERCASE][/B]</label>
				</control>

				<control type="button" id="2002">
					<width min="60" max="280">auto</width>
					<font>font12</font>
					<textcolor>66FFFFFF</textcolor>
					<focusedcolor>deepskyblue</focusedcolor>
					<align>left</align>
					<aligny>center</aligny>
					<onleft>2001</onleft>
					<onright>2003</onright>
					<texturefocus></texturefocus>
					<texturenofocus></texturenofocus>
					<label>[B][UPPERCASE]$INFO[Window().Property(sortmethod.2.label.1)][/UPPERCASE][/B]</label>
					<visible>!String.IsEmpty(Window().Property(sortmethod.2.label.1))</visible>
				</control>

				<control type="label" id="2102">
					<width min="40" max="280">auto</width>
					<font>font12</font>
					<textcolor>66FFFFFF</textcolor>
					<align>left</align>
					<aligny>center</aligny>
					<label>[B][UPPERCASE]->[/UPPERCASE][/B]</label>
					<visible>!String.IsEmpty(Window().Property(sortmethod.2.label.2))</visible>
				</control>

				<control type="button" id="2003">
					<width min="60" max="280">auto</width>
					<font>font12</font>
					<textcolor>66FFFFFF</textcolor>
					<focusedcolor>deepskyblue</focusedcolor>
					<align>left</align>
					<aligny>center</aligny>
					<onleft>2002</onleft>
					<onright>2004</onright>
					<texturefocus></texturefocus>
					<texturenofocus></texturenofocus>
					<label>[B][UPPERCASE]$INFO[Window().Property(sortmethod.2.label.2)][/UPPERCASE][/B]</label>
					<visible>!String.IsEmpty(Window().Property(sortmethod.2.label.2))</visible>
				</control>

				<control type="label" id="2103">
					<width min="40" max="280">auto</width>
					<font>font12</font>
					<textcolor>66FFFFFF</textcolor>
					<align>left</align>
					<aligny>center</aligny>
					<label>[B][UPPERCASE]->[/UPPERCASE][/B]</label>
					<visible>!String.IsEmpty(Window().Property(sortmethod.2.label.3))</visible>
				</control>

				<control type="button" id="2004">
					<width min="60" max="280">auto</width>
					<font>font12</font>
					<textcolor>66FFFFFF</textcolor>
					<focusedcolor>deepskyblue</focusedcolor>
					<align>left</align>
					<aligny>center</aligny>
					<onleft>1002</onleft>
					<onright>1004</onright>
					<texturefocus></texturefocus>
					<texturenofocus></texturenofocus>
					<label>[B][UPPERCASE]$INFO[Window().Property(sortmethod.2.label.3)][/UPPERCASE][/B]</label>
					<visible>!String.IsEmpty(Window().Property(sortmethod.2.label.3))</visible>
				</control>

				<control type="label" id="2104">
					<width min="40" max="280">auto</width>
					<font>font12</font>
					<textcolor>66FFFFFF</textcolor>
					<align>left</align>
					<aligny>center</aligny>
					<label>[B][UPPERCASE]->[/UPPERCASE][/B]</label>
					<visible>!String.IsEmpty(Window().Property(sortmethod.2.label.4))</visible>
				</control>

				<control type="button" id="2005">
					<width min="60" max="280">auto</width>
					<font>font12</font>
					<textcolor>66FFFFFF</textcolor>
					<focusedcolor>deepskyblue</focusedcolor>
					<align>left</align>
					<aligny>center</aligny>
					<onleft>1002</onleft>
					<onright>1004</onright>
					<texturefocus></texturefocus>
					<texturenofocus></texturenofocus>
					<label>[B][UPPERCASE]$INFO[Window().Property(sortmethod.2.label.4)][/UPPERCASE][/B]</label>
					<visible>!String.IsEmpty(Window().Property(sortmethod.2.label.4))</visible>
				</control>
				<control type="label" id="2105">
					<width min="40" max="280">auto</width>
					<font>font12</font>
					<textcolor>66FFFFFF</textcolor>
					<align>left</align>
					<aligny>center</aligny>
					<label>[B][UPPERCASE]->[/UPPERCASE][/B]</label>
					<visible>!String.IsEmpty(Window().Property(sortmethod.2.label.5))</visible>
				</control>

				<control type="button" id="2006">
					<width min="60" max="280">auto</width>
					<font>font12</font>
					<textcolor>66FFFFFF</textcolor>
					<focusedcolor>deepskyblue</focusedcolor>
					<align>left</align>
					<aligny>center</aligny>
					<onleft>2005</onleft>
					<onright>2222</onright>
					<texturefocus></texturefocus>
					<texturenofocus></texturenofocus>
					<label>[B][UPPERCASE]$INFO[Window().Property(sortmethod.2.label.5)][/UPPERCASE][/B]</label>
					<visible>!String.IsEmpty(Window().Property(sortmethod.2.label.5))</visible>
				</control>
			</control>
		</control>

		<!-- Sort Level 3 -->
		<control type="group">
			<width>1320</width>
			<left>60</left>
			<height>100</height>
			<top>330</top>

			<!-- Card -->
			<control type="image">
				<left>92</left>
				<width>1228</width>
				<texture>white.png</texture>
				<colordiffuse>99362e33</colordiffuse>
			</control>

			<control type="image">
				<top>4</top>
				<left>20</left>
				<width>72</width>
				<height>72</height>
				<colordiffuse>FFFFFFFF</colordiffuse>
				<texture border="32,48,36,24">sort/sort_arrow.png</texture>
			</control>

			<control type="togglebutton" id="3333">
				<top>32</top>
				<right>20</right>
				<width>36</width>
				<height>36</height>
				<onleft>3000</onleft>
				<onright>9000</onright>
				<onup>2222</onup>
				<ondown>4444</ondown>
				<texturenofocus colordiffuse="FFFFFFFF">sort/sort_descending.png</texturenofocus>
				<texturefocus colordiffuse="deepskyblue">sort/sort_descending.png</texturefocus>
				<alttexturenofocus colordiffuse="FFFFFFFF">sort/sort_ascending.png</alttexturenofocus>
				<alttexturefocus colordiffuse="deepskyblue">sort/sort_ascending.png</alttexturefocus>
				<usealttexture>String.IsEqual(Window().Property(sortmethod.3.reverse),True)</usealttexture>
			</control>

			<control type="grouplist" id="3000">
				<viewtype label="Sort Level 3">list</viewtype>
				<top>10</top>
				<left>112</left>
				<width>1132</width>
				<height>80</height>
				<onup>2000</onup>
				<ondown>4000</ondown>
				<onright>3333</onright>
				<orientation>horizontal</orientation>
				<focusposition>1</focusposition>
				<itemgap>10</itemgap>

				<control type="button" id="3001">
					<width min="60" max="280">auto</width>
					<font>font12</font>
					<textcolor>66FFFFFF</textcolor>
					<focusedcolor>deepskyblue</focusedcolor>
					<align>left</align>
					<aligny>center</aligny>
					<onright>3002</onright>
					<texturefocus></texturefocus>
					<texturenofocus></texturenofocus>
					<label>[B][UPPERCASE]$INFO[Window().Property(sortmethod.3.label.0)][/UPPERCASE][/B]</label>
				</control>

				<control type="label" id="3101">
					<width min="40" max="280">auto</width>
					<font>font12</font>
					<textcolor>66FFFFFF</textcolor>
					<align>left</align>
					<aligny>center</aligny>
					<label>[B][UPPERCASE]:[/UPPERCASE][/B]</label>
				</control>

				<control type="button" id="3002">
					<width min="60" max="280">auto</width>
					<font>font12</font>
					<textcolor>66FFFFFF</textcolor>
					<focusedcolor>deepskyblue</focusedcolor>
					<align>left</align>
					<aligny>center</aligny>
					<onleft>3001</onleft>
					<onright>3003</onright>
					<texturefocus></texturefocus>
					<texturenofocus></texturenofocus>
					<label>[B][UPPERCASE]$INFO[Window().Property(sortmethod.3.label.1)][/UPPERCASE][/B]</label>
					<visible>!String.IsEmpty(Window().Property(sortmethod.3.label.1))</visible>
				</control>

				<control type="label" id="3102">
					<width min="40" max="280">auto</width>
					<font>font12</font>
					<textcolor>66FFFFFF</textcolor>
					<align>left</align>
					<aligny>center</aligny>
					<label>[B][UPPERCASE]->[/UPPERCASE][/B]</label>
					<visible>!String.IsEmpty(Window().Property(sortmethod.3.label.2))</visible>
				</control>

				<control type="button" id="3003">
					<width min="60" max="280">auto</width>
					<font>font12</font>
					<textcolor>66FFFFFF</textcolor>
					<focusedcolor>deepskyblue</focusedcolor>
					<align>left</align>
					<aligny>center</aligny>
					<onleft>3002</onleft>
					<onright>3004</onright>
					<texturefocus></texturefocus>
					<texturenofocus></texturenofocus>
					<label>[B][UPPERCASE]$INFO[Window().Property(sortmethod.3.label.2)][/UPPERCASE][/B]</label>
					<visible>!String.IsEmpty(Window().Property(sortmethod.3.label.2))</visible>
				</control>

				<control type="label" id="3103">
					<width min="40" max="280">auto</width>
					<font>font12</font>
					<textcolor>66FFFFFF</textcolor>
					<align>left</align>
					<aligny>center</aligny>
					<label>[B][UPPERCASE]->[/UPPERCASE][/B]</label>
					<visible>!String.IsEmpty(Window().Property(sortmethod.3.label.3))</visible>
				</control>

				<control type="button" id="3004">
					<width min="60" max="280">auto</width>
					<font>font12</font>
					<textcolor>66FFFFFF</textcolor>
					<focusedcolor>deepskyblue</focusedcolor>
					<align>left</align>
					<aligny>center</aligny>
					<onleft>1002</onleft>
					<onright>1004</onright>
					<texturefocus></texturefocus>
					<texturenofocus></texturenofocus>
					<label>[B][UPPERCASE]$INFO[Window().Property(sortmethod.3.label.3)][/UPPERCASE][/B]</label>
					<visible>!String.IsEmpty(Window().Property(sortmethod.3.label.3))</visible>
				</control>

				<control type="label" id="3104">
					<width min="40" max="280">auto</width>
					<font>font12</font>
					<textcolor>66FFFFFF</textcolor>
					<align>left</align>
					<aligny>center</aligny>
					<label>[B][UPPERCASE]->[/UPPERCASE][/B]</label>
					<visible>!String.IsEmpty(Window().Property(sortmethod.3.label.4))</visible>
				</control>

				<control type="button" id="3005">
					<width min="60" max="280">auto</width>
					<font>font12</font>
					<textcolor>66FFFFFF</textcolor>
					<focusedcolor>deepskyblue</focusedcolor>
					<align>left</align>
					<aligny>center</aligny>
					<onleft>1002</onleft>
					<onright>1004</onright>
					<texturefocus></texturefocus>
					<texturenofocus></texturenofocus>
					<label>[B][UPPERCASE]$INFO[Window().Property(sortmethod.3.label.4)][/UPPERCASE][/B]</label>
					<visible>!String.IsEmpty(Window().Property(sortmethod.3.label.4))</visible>
				</control>

				<control type="label" id="3105">
					<width min="40" max="280">auto</width>
					<font>font12</font>
					<textcolor>66FFFFFF</textcolor>
					<align>left</align>
					<aligny>center</aligny>
					<label>[B][UPPERCASE]->[/UPPERCASE][/B]</label>
					<visible>!String.IsEmpty(Window().Property(sortmethod.3.label.5))</visible>
				</control>

				<control type="button" id="3006">
					<width min="60" max="280">auto</width>
					<font>font12</font>
					<textcolor>66FFFFFF</textcolor>
					<focusedcolor>deepskyblue</focusedcolor>
					<align>left</align>
					<aligny>center</aligny>
					<onleft>3005</onleft>
					<onright>3333</onright>
					<texturefocus></texturefocus>
					<texturenofocus></texturenofocus>
					<label>[B][UPPERCASE]$INFO[Window().Property(sortmethod.3.label.5)][/UPPERCASE][/B]</label>
					<visible>!String.IsEmpty(Window().Property(sortmethod.3.label.5))</visible>
				</control>
			</control>
		</control>

		<!-- Sort Level 4 -->
		<control type="group">
			<width>1300</width>
			<left>80</left>
			<height>100</height>
			<top>440</top>

			<!-- Card -->
			<control type="image">
				<left>92</left>
				<width>1208</width>
				<texture>white.png</texture>
				<colordiffuse>99362e33</colordiffuse>
			</control>

			<control type="image">
				<top>4</top>
				<left>20</left>
				<width>72</width>
				<height>72</height>
				<colordiffuse>FFFFFFFF</colordiffuse>
				<texture border="32,48,36,24">sort/sort_arrow.png</texture>
			</control>

			<control type="togglebutton" id="4444">
				<top>32</top>
				<right>20</right>
				<width>36</width>
				<height>36</height>
				<onleft>4000</onleft>
				<onright>9000</onright>
				<onup>3333</onup>
				<ondown>5555</ondown>
				<texturenofocus colordiffuse="FFFFFFFF">sort/sort_descending.png</texturenofocus>
				<texturefocus colordiffuse="deepskyblue">sort/sort_descending.png</texturefocus>
				<alttexturenofocus colordiffuse="FFFFFFFF">sort/sort_ascending.png</alttexturenofocus>
				<alttexturefocus colordiffuse="deepskyblue">sort/sort_ascending.png</alttexturefocus>
				<usealttexture>String.IsEqual(Window().Property(sortmethod.4.reverse),True)</usealttexture>
			</control>

			<control type="grouplist" id="4000">
				<viewtype label="Sort Level 4">list</viewtype>
				<top>10</top>
				<left>112</left>
				<width>1112</width>
				<height>80</height>
				<onup>3000</onup>
				<ondown>5000</ondown>
				<onright>4444</onright>
				<orientation>horizontal</orientation>
				<focusposition>1</focusposition>
				<itemgap>10</itemgap>

				<control type="button" id="4001">
					<width min="60" max="280">auto</width>
					<font>font12</font>
					<textcolor>66FFFFFF</textcolor>
					<focusedcolor>deepskyblue</focusedcolor>
					<align>left</align>
					<aligny>center</aligny>
					<onright>4002</onright>
					<texturefocus></texturefocus>
					<texturenofocus></texturenofocus>
					<label>[B][UPPERCASE]$INFO[Window().Property(sortmethod.4.label.0)][/UPPERCASE][/B]</label>
				</control>

				<control type="label" id="4101">
					<width min="40" max="280">auto</width>
					<font>font12</font>
					<textcolor>66FFFFFF</textcolor>
					<align>left</align>
					<aligny>center</aligny>
					<label>[B][UPPERCASE]:[/UPPERCASE][/B]</label>
				</control>

				<control type="button" id="4002">
					<width min="60" max="280">auto</width>
					<font>font12</font>
					<textcolor>66FFFFFF</textcolor>
					<focusedcolor>deepskyblue</focusedcolor>
					<align>left</align>
					<aligny>center</aligny>
					<onleft>4001</onleft>
					<onright>4003</onright>
					<texturefocus></texturefocus>
					<texturenofocus></texturenofocus>
					<label>[B][UPPERCASE]$INFO[Window().Property(sortmethod.4.label.1)][/UPPERCASE][/B]</label>
					<visible>!String.IsEmpty(Window().Property(sortmethod.4.label.1))</visible>
				</control>

				<control type="label" id="4102">
					<width min="40" max="280">auto</width>
					<font>font12</font>
					<textcolor>66FFFFFF</textcolor>
					<align>left</align>
					<aligny>center</aligny>
					<label>[B][UPPERCASE]->[/UPPERCASE][/B]</label>
					<visible>!String.IsEmpty(Window().Property(sortmethod.4.label.1))</visible>
				</control>

				<control type="button" id="4003">
					<width min="60" max="280">auto</width>
					<font>font12</font>
					<textcolor>66FFFFFF</textcolor>
					<focusedcolor>deepskyblue</focusedcolor>
					<align>left</align>
					<aligny>center</aligny>
					<onleft>4002</onleft>
					<onright>4004</onright>
					<texturefocus></texturefocus>
					<texturenofocus></texturenofocus>
					<label>[B][UPPERCASE]$INFO[Window().Property(sortmethod.4.label.2)][/UPPERCASE][/B]</label>
					<visible>!String.IsEmpty(Window().Property(sortmethod.4.label.2))</visible>
				</control>

				<control type="label" id="4103">
					<width min="40" max="280">auto</width>
					<font>font12</font>
					<textcolor>66FFFFFF</textcolor>
					<align>left</align>
					<aligny>center</aligny>
					<label>[B][UPPERCASE]->[/UPPERCASE][/B]</label>
					<visible>!String.IsEmpty(Window().Property(sortmethod.4.label.3))</visible>
				</control>

				<control type="button" id="4004">
					<width min="60" max="280">auto</width>
					<font>font12</font>
					<textcolor>66FFFFFF</textcolor>
					<focusedcolor>deepskyblue</focusedcolor>
					<align>left</align>
					<aligny>center</aligny>
					<onleft>4003</onleft>
					<onright>4005</onright>
					<texturefocus></texturefocus>
					<texturenofocus></texturenofocus>
					<label>[B][UPPERCASE]$INFO[Window().Property(sortmethod.4.label.3)][/UPPERCASE][/B]</label>
					<visible>!String.IsEmpty(Window().Property(sortmethod.4.label.3))</visible>
				</control>

				<control type="label" id="4104">
					<width min="40" max="280">auto</width>
					<font>font12</font>
					<textcolor>66FFFFFF</textcolor>
					<align>left</align>
					<aligny>center</aligny>
					<label>[B][UPPERCASE]->[/UPPERCASE][/B]</label>
					<visible>!String.IsEmpty(Window().Property(sortmethod.4.label.4))</visible>
				</control>

				<control type="button" id="4005">
					<width min="60" max="280">auto</width>
					<font>font12</font>
					<textcolor>66FFFFFF</textcolor>
					<focusedcolor>deepskyblue</focusedcolor>
					<align>left</align>
					<aligny>center</aligny>
					<onleft>4004</onleft>
					<onright>4006</onright>
					<texturefocus></texturefocus>
					<texturenofocus></texturenofocus>
					<label>[B][UPPERCASE]$INFO[Window().Property(sortmethod.4.label.4)][/UPPERCASE][/B]</label>
					<visible>!String.IsEmpty(Window().Property(sortmethod.4.label.4))</visible>
				</control>
			</control>
		</control>

				<!-- Sort Level 5 -->
		<control type="group">
			<width>1280</width>
			<left>100</left>
			<height>100</height>
			<top>550</top>

			<!-- Card -->
			<control type="image">
				<left>92</left>
				<width>1188</width>
				<texture>white.png</texture>
				<colordiffuse>99362e33</colordiffuse>
			</control>

			<control type="image">
				<top>4</top>
				<left>20</left>
				<width>72</width>
				<height>72</height>
				<colordiffuse>FFFFFFFF</colordiffuse>
				<texture border="32,48,36,24">sort/sort_arrow.png</texture>
			</control>

			<control type="togglebutton" id="5555">
				<top>32</top>
				<right>20</right>
				<width>36</width>
				<height>36</height>
				<onleft>5000</onleft>
				<onright>9000</onright>
				<onup>4444</onup>
				<ondown>6666</ondown>
				<texturenofocus colordiffuse="FFFFFFFF">sort/sort_descending.png</texturenofocus>
				<texturefocus colordiffuse="deepskyblue">sort/sort_descending.png</texturefocus>
				<alttexturenofocus colordiffuse="FFFFFFFF">sort/sort_ascending.png</alttexturenofocus>
				<alttexturefocus colordiffuse="deepskyblue">sort/sort_ascending.png</alttexturefocus>
				<usealttexture>String.IsEqual(Window().Property(sortmethod.5.reverse),True)</usealttexture>
			</control>

			<control type="grouplist" id="5000">
				<viewtype label="Sort Level 5">list</viewtype>
				<top>10</top>
				<left>112</left>
				<width>1092</width>
				<height>80</height>
				<onup>4000</onup>
				<ondown>6000</ondown>
				<onright>5555</onright>
				<orientation>horizontal</orientation>
				<focusposition>1</focusposition>
				<itemgap>10</itemgap>

				<control type="button" id="5001">
					<width min="60" max="280">auto</width>
					<font>font12</font>
					<textcolor>66FFFFFF</textcolor>
					<focusedcolor>deepskyblue</focusedcolor>
					<align>left</align>
					<aligny>center</aligny>
					<onright>5002</onright>
					<texturefocus></texturefocus>
					<texturenofocus></texturenofocus>
					<label>[B][UPPERCASE]$INFO[Window().Property(sortmethod.5.label.0)][/UPPERCASE][/B]</label>
				</control>

				<control type="label" id="5101">
					<width min="40" max="280">auto</width>
					<font>font12</font>
					<textcolor>66FFFFFF</textcolor>
					<align>left</align>
					<aligny>center</aligny>
					<label>[B][UPPERCASE]:[/UPPERCASE][/B]</label>
				</control>

				<control type="button" id="5002">
					<width min="60" max="280">auto</width>
					<font>font12</font>
					<textcolor>66FFFFFF</textcolor>
					<focusedcolor>deepskyblue</focusedcolor>
					<align>left</align>
					<aligny>center</aligny>
					<onleft>5001</onleft>
					<onright>5003</onright>
					<texturefocus></texturefocus>
					<texturenofocus></texturenofocus>
					<label>[B][UPPERCASE]$INFO[Window().Property(sortmethod.5.label.1)][/UPPERCASE][/B]</label>
					<visible>!String.IsEmpty(Window().Property(sortmethod.5.label.1))</visible>
				</control>

				<control type="label" id="5102">
					<width min="40" max="280">auto</width>
					<font>font12</font>
					<textcolor>66FFFFFF</textcolor>
					<align>left</align>
					<aligny>center</aligny>
					<label>[B][UPPERCASE]->[/UPPERCASE][/B]</label>
					<visible>!String.IsEmpty(Window().Property(sortmethod.5.label.2))</visible>
				</control>

				<control type="button" id="5003">
					<width min="60" max="280">auto</width>
					<font>font12</font>
					<textcolor>66FFFFFF</textcolor>
					<focusedcolor>deepskyblue</focusedcolor>
					<align>left</align>
					<aligny>center</aligny>
					<onleft>5002</onleft>
					<onright>5004</onright>
					<texturefocus></texturefocus>
					<texturenofocus></texturenofocus>
					<label>[B][UPPERCASE]$INFO[Window().Property(sortmethod.5.label.2)][/UPPERCASE][/B]</label>
					<visible>!String.IsEmpty(Window().Property(sortmethod.5.label.2))</visible>
				</control>

				<control type="label" id="5103">
					<width min="40" max="280">auto</width>
					<font>font12</font>
					<textcolor>66FFFFFF</textcolor>
					<align>left</align>
					<aligny>center</aligny>
					<label>[B][UPPERCASE]->[/UPPERCASE][/B]</label>
					<visible>!String.IsEmpty(Window().Property(sortmethod.5.label.3))</visible>
				</control>

				<control type="button" id="5004">
					<width min="60" max="280">auto</width>
					<font>font12</font>
					<textcolor>66FFFFFF</textcolor>
					<focusedcolor>deepskyblue</focusedcolor>
					<align>left</align>
					<aligny>center</aligny>
					<onleft>5003</onleft>
					<onright>5005</onright>
					<texturefocus></texturefocus>
					<texturenofocus></texturenofocus>
					<label>[B][UPPERCASE]$INFO[Window().Property(sortmethod.5.label.3)][/UPPERCASE][/B]</label>
					<visible>!String.IsEmpty(Window().Property(sortmethod.5.label.3))</visible>
				</control>

				<control type="label" id="5104">
					<width min="40" max="280">auto</width>
					<font>font12</font>
					<textcolor>66FFFFFF</textcolor>
					<align>left</align>
					<aligny>center</aligny>
					<label>[B][UPPERCASE]->[/UPPERCASE][/B]</label>
					<visible>!String.IsEmpty(Window().Property(sortmethod.5.label.4))</visible>
				</control>

				<control type="button" id="5005">
					<width min="60" max="280">auto</width>
					<font>font12</font>
					<textcolor>66FFFFFF</textcolor>
					<focusedcolor>deepskyblue</focusedcolor>
					<align>left</align>
					<aligny>center</aligny>
					<onleft>5004</onleft>
					<onright>5006</onright>
					<texturefocus></texturefocus>
					<texturenofocus></texturenofocus>
					<label>[B][UPPERCASE]$INFO[Window().Property(general.sortmethod.5.label.4)][/UPPERCASE][/B]</label>
					<visible>!String.IsEmpty(Window().Property(general.sortmethod.5.label.4))</visible>
				</control>

				<control type="label" id="5105">
					<width min="40" max="280">auto</width>
					<font>font12</font>
					<textcolor>66FFFFFF</textcolor>
					<align>left</align>
					<aligny>center</aligny>
					<label>[B][UPPERCASE]->[/UPPERCASE][/B]</label>
					<visible>!String.IsEmpty(Window().Property(general.sortmethod.5.label.5))</visible>
				</control>

				<control type="button" id="5006">
					<width min="60" max="280">auto</width>
					<font>font12</font>
					<textcolor>66FFFFFF</textcolor>
					<focusedcolor>deepskyblue</focusedcolor>
					<align>left</align>
					<aligny>center</aligny>
					<onleft>5005</onleft>
					<onright>5555</onright>
					<texturefocus></texturefocus>
					<texturenofocus></texturenofocus>
					<label>[B][UPPERCASE]$INFO[Window().Property(general.sortmethod.5.label.5)][/UPPERCASE][/B]</label>
					<visible>!String.IsEmpty(Window().Property(sortmethod.5.label.5))</visible>
				</control>
			</control>
		</control>

		<!-- Buttons -->
		<control type="group">
			<top>110</top>
			<right>20</right>
			<width>500</width>
			<height>240</height>
			<control type="group">

				<!-- Card -->
				<control type="image">
					<texture>white.png</texture>
					<colordiffuse>99362e33</colordiffuse>
				</control>

				<control type="grouplist" id="9000">
					<top>25</top>
					<onleft>1000</onleft>
					<itemgap>30</itemgap>

					<!-- Close -->
					<control type="button" id="9001">
						<height>80</height>
						<textoffsetx>20</textoffsetx>
						<texturefocus colordiffuse="deepskyblue">white.png</texturefocus>
						<texturenofocus colordiffuse="AA212121">white.png</texturenofocus>
						<label>Close</label>
						<align>right</align>
						<textcolor>FFFFFFFF</textcolor>
					</control>
					<control type="button" id="9002">
						<height>80</height>
						<textoffsetx>20</textoffsetx>
						<texturefocus colordiffuse="deepskyblue">white.png</texturefocus>
						<texturenofocus colordiffuse="AA212121">white.png</texturenofocus>
						<label>Save Sort Options</label>
						<align>right</align>
						<textcolor>FFFFFFFF</textcolor>
					</control>
				</control>
			</control>
		</control>
	</controls>
</window>
