<?xml version="1.0" encoding="UTF-8" standalone="yes"?>
<addon id="plugin.video.otaku" name="Otaku" provider-name="TeamOtaku" version="5.1.27.2">
  <requires>
    <import addon="xbmc.python" version="3.0.0" />
    <import addon="script.module.requests" version="2.31.0"/>
    <import addon="script.module.beautifulsoup4" version="4.12.2"/>
    <import addon="script.module.inputstreamhelper" version="0.7.0"/>
    <import addon="script.module.dateutil" version="2.8.2"/>
    <import addon="context.otaku" version="1.0.21"/>
  </requires>
  <extension library="default.py" point="xbmc.python.pluginsource">
        <provides>video</provides>
  </extension>
  <extension point="xbmc.service" library="service.py" />
  <extension point="xbmc.addon.metadata">
    <reuselanguageinvoker>true</reuselanguageinvoker> <!-- You can enable this if you want, expect some instability but much faster menu speeds -->
    <summary lang="en">Otaku video Plugin</summary>
    <description lang="en">HD Animes</description>
    <platform>all</platform>
    <disclaimer>Otaku is and always will be free and open-source. None of its code and resources may be sold or redistributed for any commercial purposes.[CR]This addon and its developers [B]DO NOT[/B] host, create, or distribute any of the content displayed in the addon. It is the responsibility of the user to ensure that they are following all applicable laws and regulations in their country.[CR]This addon and its developers are not in any way affiliated with Team Kodi or any of the sites and providers used in the addon.</disclaimer>
    <license>GPL-3.0</license>
    <assets>
      <icon>icon.png</icon>
      <fanart>fanart.jpg</fanart>
<!--      <screenshot>screenshot-1.jpg</screenshot>-->
<!--      <screenshot>screenshot-2.jpg</screenshot>-->
<!--      <screenshot>screenshot-3.jpg</screenshot>-->
<!--      <screenshot>screenshot-4.jpg</screenshot>-->
<!--      <screenshot>screenshot-5.jpg</screenshot>-->
<!--      <screenshot>screenshot-6.jpg</screenshot>-->
<!--      <screenshot>screenshot-7.jpg</screenshot>-->
<!--      <screenshot>screenshot-8.jpg</screenshot>-->
<!--      <screenshot>screenshot-9.jpg</screenshot>-->
<!--      <screenshot>screenshot-10.jpg</screenshot>-->
    </assets>
  </extension>
</addon>
