<?xml version="1.0" encoding="UTF-8" standalone="yes"?>
<addon id="context.otaku" version="1.0.22" name="Otaku - Global Context Menu" provider-name="TeamOtaku">
  <requires>
     <import addon="xbmc.python" version="3.0.0" />
  </requires>
  <extension point="kodi.context.item">
    <menu id="kodi.core.main">
      <item library="default.py" args="findrecommendations">
        <label>Find Recommendations</label>
        <visible>String.IsEqual(Window(home).Property(context.otaku.findrecommendations),true) + String.StartsWith(ListItem.Path,plugin://plugin.video.otaku/) + [String.IsEqual(ListItem.DBTYPE,tvshow)|String.IsEqual(ListItem.DBTYPE,movie)]</visible>
      </item>
      <item library="default.py" args="findrelations">
        <label>Find Relations</label>
        <visible>String.IsEqual(Window(home).Property(context.otaku.findrelations),true) + String.StartsWith(ListItem.Path,plugin://plugin.video.otaku/) + [String.IsEqual(ListItem.DBTYPE,tvshow)|String.IsEqual(ListItem.DBTYPE,movie)]</visible>
      </item>
      <item library="default.py" args="markedaswatched">
        <label>Marked as Watched [COLOR blue]WatchList[/COLOR]</label>
        <visible>String.IsEqual(Window(home).Property(context.otaku.markedaswatched),true) + String.StartsWith(ListItem.Path,plugin://plugin.video.otaku/) + [String.IsEqual(ListItem.DBTYPE,episode) | String.IsEqual(ListItem.DBTYPE,movie)] + !Player.HasMedia</visible>
      </item>
      <item library="default.py" args="rescrape">
        <label>Rescrape</label>
        <visible>String.IsEqual(Window(home).Property(context.otaku.rescrape),true) + String.StartsWith(ListItem.Path,plugin://plugin.video.otaku/) + [String.IsEqual(ListItem.DBTYPE,episode)|String.IsEqual(ListItem.DBTYPE,movie)] + !Player.HasMedia</visible>
      </item>
      <item library="default.py" args="sourceselect">
        <label>Source Select</label>
<visible>String.IsEqual(Window(home).Property(context.otaku.sourceselect),true) + String.StartsWith(ListItem.Path,plugin://plugin.video.otaku/) + [String.IsEqual(ListItem.DBTYPE,episode)|String.IsEqual(ListItem.DBTYPE,movie)] + !Player.HasMedia</visible>
      </item>
      <item library="default.py" args="logout">
        <label>Logout</label>
        <visible>String.IsEqual(Window(home).Property(context.otaku.logout),true) + String.StartsWith(ListItem.Path,plugin://plugin.video.otaku/) + String.Contains(ListItem.folderpath,/watchlist/)</visible>
      </item>
      <item library="default.py" args="deletefromdatabase">
        <label>Delete From Database</label>
        <visible>String.IsEqual(Window(home).Property(context.otaku.deletefromdatabase),true) + String.StartsWith(ListItem.Path,plugin://plugin.video.otaku/) + [String.IsEqual(ListItem.DBTYPE,tvshow)|String.IsEqual(ListItem.DBTYPE,movie)]</visible>
      </item>
      <item library="default.py" args="watchlist">
        <label>WatchList Manager</label>
        <visible>String.IsEqual(Window(home).Property(context.otaku.watchlist),true) + String.StartsWith(ListItem.Path,plugin://plugin.video.otaku/) + [String.IsEqual(ListItem.DBTYPE,tvshow)|String.IsEqual(ListItem.DBTYPE,movie)]</visible>
      </item>
      <item library="default.py" args="fanartselect">
        <label>Select Fanart</label>
        <visible>String.IsEqual(Window(home).Property(context.otaku.fanartselect),true) + String.StartsWith(ListItem.Path,plugin://plugin.video.otaku/)+[String.IsEqual(ListItem.DBTYPE,tvshow)|String.IsEqual(ListItem.DBTYPE,movie)]</visible>
      </item>
    </menu>
  </extension>
  <extension point="xbmc.service" library="service.py" />
  <extension point="xbmc.addon.metadata">
    <summary lang="en">otaku - This Addon is currently in beta. Please be aware there may be bugs present</summary>
    <description lang="en">Adds Global Contextual Menu Items for otaku menu items throughout Kodi
    </description>
    <platform>all</platform>
    <license>GPL-3.0</license>
<!--    <forum></forum>-->
<!--    <website></website>-->
<!--    <source></source>-->
<!--    <disclaimer lang="en"></disclaimer>-->
    <assets>
      <icon>icon.png</icon>
      <fanart>fanart.jpg</fanart>
    </assets>
  </extension>
</addon>
