<?xml version="1.0" encoding="UTF-8" standalone="yes"?>
<addon id="mrz" name="MR-Z" version="0.0.1" provider-name="MR-Z">
    <extension point="xbmc.addon.repository" name="MR-Z Repository">
        <dir>
            <info compressed="false">https://raw.githubusercontent.com/joezito129/MR-Z/main/repo/zips/addons.xml</info>
            <checksum>https://raw.githubusercontent.com/joezito129/MR-Z/main/repo/zips/addons.xml.md5</checksum>
            <datadir zip="true">https://raw.githubusercontent.com/joezito129/MR-Z/main/repo/zips/</datadir>
        </dir>
    </extension>
    <extension point="xbmc.addon.metadata">
        <summary>MR-Z</summary>
        <description>N/A</description>
        <disclaimer></disclaimer>
        <platform>all</platform>
        <assets>
            <icon>icon.png</icon>
            <fanart>fanart.jpg</fanart>
        </assets>
    </extension>
</addon>
