<?xml version="1.0" encoding="UTF-8" standalone="yes"?>
<addon id="plugin.video.watchnixtoons2" name="WatchNixtoons2" version="1.11.2" provider-name="WNT2">
    <requires>
        <import addon="script.module.requests"/>
        <import addon="script.module.six"/>
    </requires>
    <extension point="xbmc.python.pluginsource" library="default.py">
        <provides>video</provides>
    </extension>
    <extension point="xbmc.addon.metadata">
        <reuselanguageinvoker>true</reuselanguageinvoker> <!-- You can enable this if you want, expect some instability but much faster menu speeds -->
        <summary lang="en">WatchNixtoons2</summary>
        <description lang="en">
Watch cartoons and anime from [COLOR orange][B]www.wcofun.org[/B][/COLOR].

Support the WatchCartoonOnline website with a PayPal donation to:
[COLOR khaki][B]wcohelp@yandex.com[/B][/COLOR]

Add-on originally by doko.
Random updates by lolage.
        </description>
        <disclaimer lang="en">The authors of this addon do not host any of the content found or have any affiliation with the content providers. This add-on only scrapes web pages.</disclaimer>
        <language>en</language>
        <platform lang="en">all</platform>
        
        <news>[COLOR orange][B]WatchNixtoons2[/B][/COLOR] - Cartoons &amp; Anime

</news>
        <assets>
            <icon>icon.png</icon>
        </assets>
    </extension>
</addon>
