<?xml version="1.0" encoding="UTF-8" standalone="yes" ?>
<addon id="plugin.video.daddylive" name="Daddylive" version="2.5.1" provider-name="THE CREW">
    <requires>
        <import addon="xbmc.python" version="3.0.0"/>
        <import addon="script.module.requests" />
        <import addon="script.module.inputstreamhelper" />
    </requires>
    <extension point="xbmc.python.pluginsource" library="main.py">
        <provides>video</provides>
    </extension>
    <extension point="xbmc.addon.metadata">
        <summary lang="en">Live TV and Sports</summary>
        <description lang="en">Live TV and Sports</description>
        <disclaimer lang="en">Modified version of Daddylive. Use at your own risk!</disclaimer>
        <reuselanguageinvoker>false</reuselanguageinvoker> <!-- You can enable this if you want, expect some instability but much faster menu speeds -->
        <language>en</language>
        <platform>all</platform>
        <license>GNU GENERAL PUBLIC LICENSE. Version 2, June 1991</license>
        <website></website>
        <assets>
            <icon>icon.png</icon>
            <fanart>fanart.jpg</fanart>
            <!--      <screenshot>screenshot-1.jpg</screenshot>-->
            <!--      <screenshot>screenshot-2.jpg</screenshot>-->
            <!--      <screenshot>screenshot-3.jpg</screenshot>-->
            <!--      <screenshot>screenshot-4.jpg</screenshot>-->
            <!--      <screenshot>screenshot-5.jpg</screenshot>-->
            <!--      <screenshot>screenshot-6.jpg</screenshot>-->
            <!--      <screenshot>screenshot-7.jpg</screenshot>-->
            <!--      <screenshot>screenshot-8.jpg</screenshot>-->
            <!--      <screenshot>screenshot-9.jpg</screenshot>-->
            <!--      <screenshot>screenshot-10.jpg</screenshot>-->
        </assets>
    </extension>
</addon>