<?xml version="1.0" encoding="UTF-8" standalone="yes"?>
<addon id="mrz" name="mrz" version="1.1" provider-name="Mr. Z">
    <extension point="xbmc.addon.repository" name="mrz">
        <dir>
            <info compressed="false">https://raw.githubusercontent.com/joezito129/mrz/main/repo/zips/addons.xml</info>
            <checksum>https://raw.githubusercontent.com/joezito129/mrz/main/repo/zips/addons.xml.md5</checksum>
            <datadir zip="true">https://raw.githubusercontent.com/joezito129/mrz/main/repo/zips/</datadir>
        </dir>
    </extension>
    <extension point="xbmc.addon.metadata">
        <summary>Only the best Addons</summary>
        <description>Mr. Z's Repository</description>
        <disclaimer></disclaimer>
        <platform>all</platform>
        <assets>
            <icon>icon.png</icon>
            <fanart>fanart.jpg</fanart>
        </assets>
    </extension>
</addon>